date,y_true,n_train,pred_ar_benchmark,pred_elasticnet,pred_lightgbm
2006-01-31,0.08096495398759185,215,0.11133556003862052,0.31233890154162003,0.1582569766294799
2006-02-28,0.09749045751926055,216,0.1396503154482111,0.1376476583854559,0.13540901740015054
2006-03-31,0.10148365555500716,217,0.07044742136794507,0.09391320112701114,0.13242669377649918
2006-04-30,0.11814621618808419,218,0.08762542181923735,0.13439655941507628,0.13335274040205605
2006-05-31,0.10361220913244251,219,0.10616368878329918,0.1284270350449447,0.08096531136645697
2006-06-30,0.09141031217680884,220,0.12133507811081233,0.02178946661867548,-0.03238589283743425
2006-07-31,0.09531307396761135,221,0.15475438665587815,0.09312007046579293,0.08095727936453859
2006-08-31,0.1048054249111412,222,0.13568550183164707,0.08800275515647368,0.06135364866736738
2006-09-30,0.0898051367338597,223,0.1627246516706364,0.06593355985845359,0.06393969092898487
2006-10-31,0.09273758254558562,224,0.09736658035546715,0.08469851940264089,0.09224515489596481
2006-11-30,0.04484481717251598,225,0.06979620593279016,0.002861492722737863,0.09042048041019
2006-12-31,0.033525855198543786,226,0.11215665524217251,0.020262496201212815,0.1241237655867801
2007-01-31,0.023353204485650814,227,0.14206714224571645,0.03452829529446322,0.0655024972756166
2007-02-28,0.02524118473955972,228,0.08216200746302921,0.031836448634993075,0.006300746642466446
2007-03-31,0.009479377308636128,229,0.10336466394868113,0.024136566312799673,0.030711146720730935
2007-04-30,0.022541468823360278,230,-0.01995954351154279,-0.09535162558104379,-0.09768705815778812
2007-05-31,0.049668310881955335,231,0.011085603445891087,0.007522480384279495,0.0691395410408225
2007-06-30,0.058974071190985855,232,0.041119076410396145,0.036078402590376674,0.10606847697360719
2007-07-31,0.0480588452904005,233,0.06467916415272351,0.016104073127602175,0.04893428005272995
2007-08-31,0.02554285032742909,234,0.025761115840109924,-0.07829914285392756,0.03639153892217095
2007-09-30,0.02466015567012425,235,0.08081962632962525,0.07994101876093276,0.07635450082350859
2007-10-31,-0.00044625047639623716,236,0.15145137535807787,0.06573405878275759,0.07385349737287093
2007-11-30,0.010200354995293148,237,0.12712027489321093,0.030710883771340444,0.057706974961850926
2007-12-31,0.028173126541467752,238,0.06176607055596875,0.052958647266093464,0.14501017949363518
2008-01-31,0.04082523923726278,239,0.009065605187721516,-0.07644503760508115,0.07843654483714282
2008-02-29,0.05653748857443919,240,0.04774966834597656,-0.11947210182618642,0.10804379964208898
2008-03-31,0.08007741733572526,241,-0.0012504713877205184,-0.09552917448968817,-0.07283738693481451
2008-04-30,0.07677925187093093,242,0.05981004026688627,-0.05955139896563283,0.017311866713067784
2008-05-31,0.05471772679029496,243,0.11559023984801392,0.04648376505090497,0.14994281554321576
2008-06-30,0.015703791839226655,244,0.11430666222614394,-0.04673686284077175,0.0651629545489252
2008-07-31,-0.02323459668933281,245,0.12555128534075205,-0.02055866244146326,0.04878054749261779
2008-08-31,-0.09747623154107876,246,0.15956245268701663,0.046537496759713595,0.0525883837508077
2008-09-30,-0.21880073131940747,247,0.10641135062577071,-0.08476023966472598,-0.0015087703216061467
2008-10-31,-0.2880817833134196,248,0.03252830291910923,-0.08539747599418768,-0.03957914289185298
2008-11-30,-0.30637459919112664,249,-0.03939330965961643,-0.22887327034059596,-0.04021903349442162
2008-12-31,-0.3042465376227339,250,-0.07467741773100985,-0.33689154118952624,-0.18268211177182636
2009-01-31,-0.24895052736256507,251,-0.19371759683004908,-0.5980795448526124,-0.318501020170608
2009-02-28,-0.22173612025191858,252,-0.3949481218109602,-0.7500021037981929,-0.3662617030539793
2009-03-31,-0.18937497118518565,253,-0.36165026220523355,-0.8154577940129721,-0.388239284966462
2009-04-30,-0.1695558957538721,254,-0.22107967055043504,-0.6485789915029747,-0.3557881326860934
2009-05-31,-0.1466081822000178,255,-0.14355388663716973,-0.5779851150113494,-0.28290276407696974
2009-06-30,-0.08703524953268016,256,0.014648236830549388,-0.3968170274726132,-0.10298360179286666
2009-07-31,-0.023469948736117074,257,0.0011308700645019376,-0.29047488220721485,-0.08138067128786136
2009-08-31,0.08832111962385536,258,-0.0015706453786502733,-0.25350017651507045,-0.01372187798054213
2009-09-30,0.28853541492892476,259,-0.0032049379553499777,-0.055299752121993784,0.0935396109180396
2009-10-31,0.4650272774046367,260,0.009605485957157996,-0.07966215557033413,0.06637931668435117
2009-11-30,0.5720932256221436,261,0.13278936607468506,0.035055145675971996,0.10211069884243014
2009-12-31,0.5972846446661593,262,0.20440426288766408,0.17888217581069923,0.22677330092167525
2010-01-31,0.5139109531214852,263,0.3744372798421905,0.3651703105986587,0.22474333493674145
2010-02-28,0.4790252582028909,264,0.7249407969600841,0.4516484972493596,0.2795651706639155
2010-03-31,0.4190542021283179,265,0.8328314437627575,0.6135256690532216,0.2822497608650465
2010-04-30,0.3637336505323441,266,0.7259499531428796,0.49986288023609693,0.2500756009624328
2010-05-31,0.3207337562348085,267,0.5279611870174646,0.47371097784024274,0.2064214469831006
2010-06-30,0.25040165947368065,268,0.18067177829977615,0.3417710066461284,0.2404813157351211
2010-07-31,0.19295807435292867,269,0.19403456653709444,0.3526782518351733,0.25422792247228265
2010-08-31,0.14163688973633692,270,0.13827001060959343,0.20725276349917526,0.20634893247725636
2010-09-30,0.1215292434043147,271,0.10145991409388591,0.1341509501124858,0.24474108870234879
2010-10-31,0.13480203788271572,272,0.10986327833726177,0.15374355554262628,0.2484000355185409
2010-11-30,0.11231615876120626,273,0.024285179995679685,-0.023851918667882152,0.15876042567843834
2010-12-31,0.08793064560078556,274,0.010380005653395544,-0.016772383603012017,-0.04671231609049058
2011-01-31,0.044143864304523994,275,0.0013925581537744952,0.054114745348934915,-0.013538162405895069
2011-02-28,0.021862081861586224,276,0.059965301225097196,0.10040197125185368,0.12207122226096402
2011-03-31,0.0031045567989418377,277,0.1521856160326333,0.18066550589858724,0.08212026238072247
2011-04-30,-0.010481825752049811,278,0.07281962686319168,0.03190356312026875,0.051667343816181044
2011-05-31,-0.019265297146218163,279,0.03961340273839645,0.08611846722453492,0.008718804009788006
2011-06-30,-0.015233693615805621,280,-0.025845254217018707,-0.004907754402940334,-0.008989700390024804
2011-07-31,-0.015082680797770198,281,0.0014730022631118875,0.00596462551473613,-0.026850316085130395
2011-08-31,-0.02731669954300786,282,0.00820104737816326,0.01981402329953949,-0.00246140157974148
2011-09-30,-0.05253535487123173,283,0.01149222236610551,-0.025928131489520265,0.022124030574421572
2011-10-31,-0.08859053523287419,284,0.0181174770009105,0.011317948553531382,0.03722383780363424
2011-11-30,-0.07097825744125907,285,0.04939174740628813,0.06867470847753696,0.055844030471136306
2011-12-31,-0.08036158955513062,286,0.045602261401616405,0.044177418260466866,0.04971317682674351
2012-01-31,-0.02919156226375086,287,0.010253664905995143,-0.006188176529414002,0.0392599443706899
2012-02-29,-0.03344763590573219,288,-0.03667911831308471,-0.003327733183860551,0.08111866746501584
2012-03-31,-0.02096904996727711,289,-0.08520601479518386,-0.004514229783650209,0.0994562202534942
2012-04-30,-0.022953210723049677,290,0.036340408400515514,0.08369171469182807,0.05833721869619194
2012-05-31,-0.03126877872572009,291,-0.007410917322678116,0.015265048563655778,-0.007375671684953321
2012-06-30,-0.03873497676977211,292,0.1403056293907573,0.09382226160608198,0.022519611590931042
2012-07-31,-0.022018324092836106,293,0.04088665515627625,0.023359120523344018,0.0009403896969237506
2012-08-31,0.011585042080701546,294,0.06239856577443739,0.021007353905724932,0.005983141039633382
2012-09-30,0.03787271393012981,295,0.03710912406518958,0.0504177081108083,0.002788309838051865
2012-10-31,0.042675618810700255,296,0.013693717874136167,0.014992839387139745,-0.07879700102707679
2012-11-30,0.01321025344207527,297,0.008749944369824805,0.062446879105298295,0.03224944359644964
2012-12-31,0.008827287795973637,298,0.07032023502599716,0.1443829132160896,0.08318581820187734
2013-01-31,-0.018197295786021694,299,0.13345931725681331,0.15649216236341637,0.10392818492486045
2013-02-28,0.012075940191593748,300,0.1391119287056986,0.07168830271895968,0.018387958597152792
2013-03-31,0.0212244853174528,301,0.09283082716668872,0.0731673740126126,0.049295690220586844
2013-04-30,0.0511154916278469,302,-0.005021256739378734,0.015467037974330161,-0.0037431625400412946
2013-05-31,0.06842519697666649,303,0.031970940214097604,0.09684476128190633,0.11080495452744295
2013-06-30,0.08224605060900436,304,-0.01977045794385529,0.06852617283602033,0.12478049107482922
2013-07-31,0.07330127335255021,305,0.10756233854581745,0.16835054662912974,0.1201257182855885
2013-08-31,0.06577465082076772,306,0.0919456222577062,0.10630814017642864,0.09654288615246154
2013-09-30,0.07724968386399467,307,0.1422785333535938,0.19322387294223542,0.11872105217809144
2013-10-31,0.08721309405283661,308,0.13423241993666396,0.19521567422420133,0.21397856945713617
2013-11-30,0.12121152372591171,309,0.12991633779289433,0.17459808710531446,0.13422546194618892
2013-12-31,0.11349026022577968,310,0.07620126456243523,0.12132728639858796,0.14727406121675987
2014-01-31,0.11485674491925191,311,0.06607044295737562,0.14482201359219257,0.1658062667013551
2014-02-28,0.08658236826965315,312,0.11267654913922993,0.11704007974649881,0.11562518032341507
2014-03-31,0.10285232522977705,313,0.12303570978237348,0.09249684665876695,0.13838140679840666
2014-04-30,0.10172121333464568,314,0.1910157043036217,0.13243617534014074,0.14836347903841454
2014-05-31,0.10042699969376567,315,0.11042546900153533,0.07993508095817416,0.11110903112723215
2014-06-30,0.08872967305078894,316,0.11220124938311346,0.12288329778689014,0.15857212750292937
2014-07-31,0.09587323724943242,317,0.03950041070545635,0.11909875371713445,0.12863715977837148
2014-08-31,0.09506621441187635,318,0.12826252403987976,0.14365047037501977,0.10853741011223682
2014-09-30,0.09305986453358694,319,0.1104432701806822,0.10715046035636237,0.07099489641731359
2014-10-31,0.0872838223052963,320,0.10175760767210615,0.09586619219625352,0.03265212020104576
2014-11-30,0.06518838293853468,321,0.07355120846789347,0.10092600456012134,0.04868712454737881
2014-12-31,0.0594467550266502,322,0.11176845374324167,0.11855195378160589,0.0180547299865654
2015-01-31,0.04640699632377254,323,0.10301327634576993,0.07254179677196655,-0.008743156122316133
2015-02-28,0.04770028484090427,324,0.09602755435395896,0.07225572922874217,0.03837435988764141
2015-03-31,0.020100622032943383,325,0.0845270635402554,0.020797773134085415,-0.018265656862280558
2015-04-30,-0.009263927038122621,326,0.036999617663697415,-0.0018873062909017524,-0.018304798396062884
2015-05-31,-0.024807400691140735,327,0.05981384553845446,0.014717960057839277,-0.0009436765962438505
2015-06-30,-0.028137915951580328,328,0.04478272060967794,0.009431547926356199,-0.024663591675824874
2015-07-31,-0.023939274651859854,329,0.07105909500073122,0.018838072989504295,-0.07006843155574248
2015-08-31,-0.030015848742691587,330,0.002734917808992224,-0.023414760960664194,-0.09202889666755731
2015-09-30,-0.05179172160500756,331,-0.03065298718540066,-0.014604608109248532,-0.020978552506476508
2015-10-31,-0.05794526365006292,332,-0.012162741789502607,0.013145277273834716,-0.02146158169245563
2015-11-30,-0.059772746664073284,333,0.01666808313516557,0.03136578026793299,-0.02045115582748853
2015-12-31,-0.055896060632685485,334,0.039255081122605215,0.04191728651694135,-0.0066908417705760686
2016-01-31,-0.060638278261961,335,0.017683387806546883,0.013189713485007984,-0.04731125737454308
2016-02-29,-0.07343594656975805,336,-0.03171287976363725,-0.05448383892104337,-0.03389053626479767
2016-03-31,-0.057471398914689,337,-0.010426346616764802,-0.0010029248175222605,-0.01655453056876859
2016-04-30,-0.02656836196001544,338,0.00438134201093051,0.024298954698749528,0.00789121612294576
2016-05-31,0.011917939459896498,339,0.019669734474397516,0.04932772679315246,0.02889277130985861
2016-06-30,0.035930233195255123,340,0.00154887182201921,0.05037900579247677,0.025926641452213628
2016-07-31,0.05020375262118626,341,-0.026493118964913534,0.05513157284187489,0.011232378946548386
2016-08-31,0.07408607850623428,342,0.037377399550113946,0.1171472160244653,0.047896531849590265
2016-09-30,0.12277758605556621,343,0.09829250741140658,0.16284813852598745,0.06663251853559476
2016-10-31,0.13946918370265227,344,0.14208049025652097,0.16725376106963558,0.08468682192222135
2016-11-30,0.1648300971965615,345,0.12952045768002823,0.14308166335339634,0.021375737826703357
2016-12-31,0.1791804032165225,346,0.11146127777831999,0.19098145695761265,0.09500078488466676
2017-01-31,0.20846885685921457,347,0.14098671884231398,0.19810697365947147,0.1354364924662041
2017-02-28,0.22843450131677234,348,0.22419835216259665,0.22632027616438077,0.2082542833755978
2017-03-31,0.23670910427805114,349,0.17979026373646811,0.16921170284401685,0.15091891367409985
2017-04-30,0.23971788309204878,350,0.1979292563533893,0.1874155305950625,0.21570682406823213
2017-05-31,0.23906286349282269,351,0.1878978140296605,0.2231351268127036,0.2508382401771799
2017-06-30,0.22156444827246657,352,0.2304346719240719,0.21758921138998652,0.1969590601873572
2017-07-31,0.21898600323526818,353,0.22985326201175144,0.24330107717291605,0.1925575976020029
2017-08-31,0.21501545690246493,354,0.206996641237417,0.20607606318436714,0.19637691480008174
2017-09-30,0.2250249482279456,355,0.19284094719698766,0.2022105659125464,0.1886023403143489
2017-10-31,0.22722144758496965,356,0.18278775633658845,0.25059131713995725,0.19693059154874154
2017-11-30,0.21013877837752726,357,0.13694184786751568,0.20511557299936772,0.20154577927879758
2017-12-31,0.20304466035569058,358,0.1583252869685824,0.2217289356318667,0.23740847459580372
2018-01-31,0.20221433703797742,359,0.15973221436924892,0.22045732663452244,0.2839497337769743
2018-02-28,0.21029583103366023,360,0.1933316227317035,0.2156667563839551,0.2172519901796464
2018-03-31,0.20485151939610358,361,0.18502904292332448,0.15087332304590723,0.1961165140690247
2018-04-30,0.17454727717612295,362,0.1328125840659595,0.11525737190800138,0.18712760929989455
2018-05-31,0.16297945652942447,363,0.140433713439079,0.13573766412051957,0.18630973537939793
2018-06-30,0.15777402504198124,364,0.1571580192366957,0.17459769250939094,0.25233977294478915
2018-07-31,0.13530018708209335,365,0.18298975444008597,0.15075726852940433,0.28204373885137585
2018-08-31,0.09071039163812511,366,0.15666210276567816,0.1238468248327822,0.24971371951877191
2018-09-30,0.0061617402203568705,367,0.08276168068832893,0.07375507097350889,0.11818149312414925
2018-10-31,-0.05652887164031006,368,0.10289995424155512,0.0824170708901973,0.1906620260995214
2018-11-30,-0.10598970131033036,369,0.12109804054746236,0.09564427758509593,0.11190246675591961
2018-12-31,-0.12088531548295423,370,0.0761456858621305,0.019582216028495997,-0.041331105385203445
2019-01-31,-0.13733313754469623,371,-0.0021745227982478063,-0.014771071394768132,-0.027332919053026244
2019-02-28,-0.14681930882415262,372,-0.14211143906559448,-0.11298223922484453,-0.07606155846819329
2019-03-31,-0.16422745429118513,373,-0.15235315419669987,-0.12872782178169595,-0.03807749382355491
2019-04-30,-0.15080136977261904,374,-0.14516710022438523,-0.10501913063636283,-0.045729531861424914
2019-05-31,-0.15074549830363249,375,-0.07808127958258698,-0.09220301130114228,-0.06751027302785392
2019-06-30,-0.140152302674438,376,-0.07579279599068084,-0.08146540755483428,-0.04481615285700644
2019-07-31,-0.12512190455057326,377,-0.06736859960465721,-0.046104773660260404,0.007790405894886023
2019-08-31,-0.10357295849448189,378,-0.09110205423594604,-0.05747863552860151,-0.014761488070005031
2019-09-30,-0.053600637371253534,379,-0.023523663150891078,0.0014508920578000517,0.07240259263912709
2019-10-31,-0.003871350890065406,380,-0.03741245781207631,0.016602719815251812,0.04575566306033808
2019-11-30,0.0503233530002436,381,-0.014978814899838246,0.0421630133829778,0.06868206690501084
2019-12-31,0.06855239195149854,382,0.006805319537541814,0.08671802086254432,0.11235668824122581
2020-01-31,0.05955104637975639,383,0.03452708638905841,0.05158168325113893,0.0863259223840957
2020-02-29,0.04589083937861149,384,0.12421716281683282,0.0984957484955635,0.08805119974951464
2020-03-31,0.049239243028666335,385,0.16530669562896216,0.11133455964653063,0.07684622261835146
2020-04-30,0.05014667281812524,386,0.20654242041811893,0.1258608065571525,0.05448664147153057
2020-05-31,0.05346242279963653,387,0.1458611162261887,0.11405704839123681,0.14863137306604698
2020-06-30,0.05731356107137109,388,0.06950987800787392,-0.00636618733396635,0.08182325216064208
2020-07-31,0.06836333732623712,389,0.03869750857434673,0.045022098920172234,0.128347987127217
2020-08-31,0.09196824780009183,390,0.07224210594267343,0.21027518434305129,0.16744468230645929
2020-09-30,0.09553714476364816,391,0.0750207710068904,0.25927840059098384,0.16521170709095456
2020-10-31,0.13257989147988813,392,0.08102505960545196,0.2090224274823167,0.1551623323086317
2020-11-30,0.14824780287995898,393,0.0847560101617913,0.1996582912812348,0.1645825585369008
2020-12-31,0.17963657304724023,394,0.10578204850287057,0.22505577905832297,0.20324436452559275
2021-01-31,0.22314028831522825,395,0.14806877200061283,0.3240333956815206,0.2505640382127106
2021-02-28,0.270515513392225,396,0.1150382712149486,0.2403263593727095,0.1895271889444436
2021-03-31,0.30096633912416526,397,0.19644333835166006,0.28827547213047133,0.297638017429855
2021-04-30,0.2963481522047726,398,0.17579754643923062,0.19683420543633284,0.22051660073829923
2021-05-31,0.30092628724974557,399,0.21794605536598366,0.24644761084100147,0.33318707159498645
2021-06-30,0.28110627087044615,400,0.2739947675513634,0.367170953595328,0.37160413555060157
2021-07-31,0.24842269970259467,401,0.3151487000438612,0.32197569954402994,0.34224243439452173
2021-08-31,0.24489792030120694,402,0.3005760759035876,0.2681923650880234,0.26355233093054736
2021-09-30,0.2833154003548932,403,0.2200392989872436,0.23849460888024523,0.29416337386410507
2021-10-31,0.2675387283228232,404,0.2261745787099873,0.27130587046225474,0.3115635247249881
2021-11-30,0.26228566891921146,405,0.16818250547578864,0.20860460186034396,0.3194116627525997
2021-12-31,0.23030412486281215,406,0.11258932129283886,0.1543152538621434,0.2165153029443085
2022-01-31,0.21144298461263467,407,0.16394428846731723,0.16875850498370404,0.20005468185669195
2022-02-28,0.17654908837377392,408,0.28378004954514985,0.19921072335285334,0.19111558084623637
2022-03-31,0.11857106295164122,409,0.18267939843145445,0.09239009874014928,0.1780994517547612
2022-04-30,0.07299830501123372,410,0.17954530302402427,0.13543301508858363,0.15858549397107424
2022-05-31,-0.0017957910499231122,411,0.10935580069549805,0.10682401431145153,0.1734478375795622
2022-06-30,-0.030424890234208468,412,0.11440539904949487,0.02842621094523791,0.032753942493631796
2022-07-31,-0.044644631946299196,413,0.06689736754902784,0.08315192172626876,0.12675613114211534
2022-08-31,-0.09012943425277142,414,-0.019712988493195513,-0.056001937127085843,-0.08053102492959573
2022-09-30,-0.14252404325930035,415,-0.031755105247416954,-0.06537756562264647,-0.01874314676441739
2022-10-31,-0.1852652129712764,416,-0.13030666295227294,-0.11677875583811159,-0.13412299327085836
2022-11-30,-0.20664038930062112,417,-0.06580407560172083,-0.05350865446316097,-0.15754509725705787
2022-12-31,-0.21244294045356316,418,-0.027083087108473514,-0.07116212129638819,-0.23701708302007526
2023-01-31,-0.21270083804218498,419,-0.10767173099792757,-0.14217058806701016,-0.12953842370954055
2023-02-28,-0.2026059320776029,420,-0.16493616110610504,-0.1414634353221415,-0.11634059240295487
2023-03-31,-0.1580683393002219,421,-0.17521074079987062,-0.13398738973843735,-0.06333363895549374
2023-04-30,-0.11777975089970227,422,-0.14085862880748903,-0.14227485850206462,-0.05057963862583063
2023-05-31,-0.06754553715504796,423,-0.10276892855091314,-0.08016576393297975,-0.023556856172803724
2023-06-30,-0.04495871544545749,424,-0.0840268276342778,-0.02032721302652564,-0.01351418730340219
2023-07-31,-0.007174528955895321,425,-0.054477758598922524,-0.018829249615981897,-0.004682254535777617
2023-08-31,0.05266174328932993,426,0.04575701709569964,0.05917587269466746,0.030061460874175768
2023-09-30,0.11595643104530606,427,0.07657861911091393,0.04372437841742333,0.029142434939603515
2023-10-31,0.16015117559821457,428,0.12706592594949717,0.045322523499194856,0.03367526146056828
2023-11-30,0.18135916584177014,429,0.08789233865217075,0.09169702761932351,0.0474430784626053
2023-12-31,0.1809317111868225,430,0.12930750377297867,0.1493051429334332,0.11222524586229714
2024-01-31,0.17724045908615582,431,0.21324784327274848,0.17741790096320748,0.15129236689467268
2024-02-29,0.19533670900274758,432,0.26800842046763423,0.19401637091556012,0.188807197228156
2024-03-31,0.1861986771335784,433,0.257898413765094,0.17900206885031383,0.1849733343998826
2024-04-30,0.19081221912498725,434,0.21508699669268636,0.1710362347492997,0.22867940563798003
2024-05-31,0.21005724337870224,435,0.1588570608454347,0.15999830315146868,0.1794624872351456
2024-06-30,0.23666730650607093,436,0.13852501843719262,0.16211528548751644,0.1663971094704686
2024-07-31,0.2262684609113219,437,0.1897010965066128,0.1656388123946317,0.14145727334875968
2024-08-31,0.20923198371494167,438,0.13868319372628196,0.10337231891688467,0.08168551558283549
2024-09-30,0.18202319509948572,439,0.15890483005599318,0.15973604818982678,0.14970919295889729
2024-10-31,0.17837617447890342,440,0.20278884586548857,0.23318460650866757,0.16519903642035297
2024-11-30,0.17024264228413144,441,0.24079501778445847,0.21389901606903744,0.176530769586917
2024-12-31,0.18053947022520989,442,0.1647428362478331,0.14304017614385264,0.10624724043540466
2025-01-31,0.20690584150917912,443,0.12638124274709361,0.1481296545046732,0.12023221318859911
2025-02-28,0.2002102550021838,444,0.08327740245500159,0.08666958825198645,0.049840174915609395
2025-03-31,0.19987940515734293,445,0.12379350303863798,0.05083838231827809,0.0031142437788023542
2025-04-30,0.21320283107099836,446,0.119567229628125,0.044546438658188615,0.07819693415332513
2025-05-31,0.22659797069996035,447,0.1631571620709917,0.09307152294590522,0.0642322940554917
2025-06-30,0.2596719477862197,448,0.217961885014407,0.1437149813766882,0.14198789399117975
2025-07-31,0.2792890369438181,449,0.15686846901364287,0.12170574603069834,0.1305651598857282
2025-08-31,0.3331949815551072,450,0.15712647152617198,0.12827169207130984,0.1632580965699037
2025-09-30,0.3843343311151033,451,0.1910693370248125,0.23803522810309513,0.23182445425358728
